673724f150946a1adb02276a,eyJhbGciOiJIUzI1NiIsInR5cCI6IkpXVCJ9.eyJpZCI6IjY3MzcyNGYxNTA5NDZhMWFkYjAyMjc2YSIsInJvbGUiOiJ1c2VyIiwiZW1haWwiOiJ0ZXN0MTZAZGV2LmNvbSIsInVzZXJOYW1lIjoidXNlcnRzM2xyIiwiaWF0IjoxNzMzNDE3NTQxLCJleHAiOjE3MzM0MjExNDF9.SbugI6D1e-ZbGsZ7JlZbWf07oKKSSpcdBHc3WiKwPKw,6751da4c58658f71a9f1ee1a
673724f150946a1adb02276b,eyJhbGciOiJIUzI1NiIsInR5cCI6IkpXVCJ9.eyJpZCI6IjY3MzcyNGYxNTA5NDZhMWFkYjAyMjc2YiIsInJvbGUiOiJ1c2VyIiwiZW1haWwiOiJ0ZXN0MTdAZGV2LmNvbSIsInVzZXJOYW1lIjoidXNlcjcycXpiIiwiaWF0IjoxNzMzNDE3NTQxLCJleHAiOjE3MzM0MjExNDF9.CBLSXqaHEIFxywT8BLbIV0clFdFc-oLv39DW9YdfhQI,6751da4c58658f71a9f1ee1d
673724f150946a1adb02276c,eyJhbGciOiJIUzI1NiIsInR5cCI6IkpXVCJ9.eyJpZCI6IjY3MzcyNGYxNTA5NDZhMWFkYjAyMjc2YyIsInJvbGUiOiJ1c2VyIiwiZW1haWwiOiJ0ZXN0MThAZGV2LmNvbSIsInVzZXJOYW1lIjoidXNlcmF0aTJtbiIsImlhdCI6MTczMzQxNzU0MSwiZXhwIjoxNzMzNDIxMTQxfQ.wl4v4EeJgAGCZssRWeCpla0IuLsPyoWCzuGcubuEs9Y,6751da4c58658f71a9f1ee20
673724f150946a1adb02276e,eyJhbGciOiJIUzI1NiIsInR5cCI6IkpXVCJ9.eyJpZCI6IjY3MzcyNGYxNTA5NDZhMWFkYjAyMjc2ZSIsInJvbGUiOiJ1c2VyIiwiZW1haWwiOiJ0ZXN0MjBAZGV2LmNvbSIsInVzZXJOYW1lIjoidXNlcndleXMxNCIsImlhdCI6MTczMzQxNzU0MSwiZXhwIjoxNzMzNDIxMTQxfQ.3pgz7A6HF1mowGrrqjyAoMyuWfIax1VDNBXaFamLd-s,6751da4c58658f71a9f1ee34
673724f150946a1adb02276f,eyJhbGciOiJIUzI1NiIsInR5cCI6IkpXVCJ9.eyJpZCI6IjY3MzcyNGYxNTA5NDZhMWFkYjAyMjc2ZiIsInJvbGUiOiJ1c2VyIiwiZW1haWwiOiJ0ZXN0MjFAZGV2LmNvbSIsInVzZXJOYW1lIjoidXNlcjczNnhmIiwiaWF0IjoxNzMzNDE3NTQxLCJleHAiOjE3MzM0MjExNDF9.fwFVSPyLiCfusaHr13YjQhW4oELEaF5UJFgaFSeTGB0,6751da4c58658f71a9f1ee46
673724f150946a1adb022770,eyJhbGciOiJIUzI1NiIsInR5cCI6IkpXVCJ9.eyJpZCI6IjY3MzcyNGYxNTA5NDZhMWFkYjAyMjc3MCIsInJvbGUiOiJ1c2VyIiwiZW1haWwiOiJ0ZXN0MjJAZGV2LmNvbSIsInVzZXJOYW1lIjoidXNlcnoxY3JocCIsImlhdCI6MTczMzQxNzU0MSwiZXhwIjoxNzMzNDIxMTQxfQ.U7uh5xUDordhJbRXcgRYWfVpXhy5hjqZcU3FPgKWjto,6751da4c58658f71a9f1ee49
673724f150946a1adb022771,eyJhbGciOiJIUzI1NiIsInR5cCI6IkpXVCJ9.eyJpZCI6IjY3MzcyNGYxNTA5NDZhMWFkYjAyMjc3MSIsInJvbGUiOiJ1c2VyIiwiZW1haWwiOiJ0ZXN0MjNAZGV2LmNvbSIsInVzZXJOYW1lIjoidXNlcnE5a3p2IiwiaWF0IjoxNzMzNDE3NTQxLCJleHAiOjE3MzM0MjExNDF9.rRLJbXTKycTkvta_3LR93WCEJ1vjMktDjR-LUOLp7xQ,6751da4c58658f71a9f1ee4c
673724f150946a1adb022772,eyJhbGciOiJIUzI1NiIsInR5cCI6IkpXVCJ9.eyJpZCI6IjY3MzcyNGYxNTA5NDZhMWFkYjAyMjc3MiIsInJvbGUiOiJ1c2VyIiwiZW1haWwiOiJ0ZXN0MjRAZGV2LmNvbSIsInVzZXJOYW1lIjoidXNlcnJ6cXB5IiwiaWF0IjoxNzMzNDE3NTQxLCJleHAiOjE3MzM0MjExNDF9.A02LkKXgd7Q1QrZCqtySKFpebG2OKrBNxzXlY8spHZ0,6751da4c58658f71a9f1ee4e
673724f150946a1adb022773,eyJhbGciOiJIUzI1NiIsInR5cCI6IkpXVCJ9.eyJpZCI6IjY3MzcyNGYxNTA5NDZhMWFkYjAyMjc3MyIsInJvbGUiOiJ1c2VyIiwiZW1haWwiOiJ0ZXN0MjVAZGV2LmNvbSIsInVzZXJOYW1lIjoidXNlcnVubmZ2aSIsImlhdCI6MTczMzQxNzU0MSwiZXhwIjoxNzMzNDIxMTQxfQ.qna-yLcZJlgAOhPuDRytuZs7gbJPqJUSbQooxQteLKQ,6751da4c58658f71a9f1ee51
673724f150946a1adb022774,eyJhbGciOiJIUzI1NiIsInR5cCI6IkpXVCJ9.eyJpZCI6IjY3MzcyNGYxNTA5NDZhMWFkYjAyMjc3NCIsInJvbGUiOiJ1c2VyIiwiZW1haWwiOiJ0ZXN0MjZAZGV2LmNvbSIsInVzZXJOYW1lIjoidXNlcm4zemZsOSIsImlhdCI6MTczMzQxNzU0MSwiZXhwIjoxNzMzNDIxMTQxfQ.axEJrnGRwxjZRI6S3qs8YkgBci8n1JE9wTRF406l1yE,6751da4c58658f71a9f1ee54
673724f150946a1adb022775,eyJhbGciOiJIUzI1NiIsInR5cCI6IkpXVCJ9.eyJpZCI6IjY3MzcyNGYxNTA5NDZhMWFkYjAyMjc3NSIsInJvbGUiOiJ1c2VyIiwiZW1haWwiOiJ0ZXN0MjdAZGV2LmNvbSIsInVzZXJOYW1lIjoidXNlcms2bHYzYyIsImlhdCI6MTczMzQxNzU0MSwiZXhwIjoxNzMzNDIxMTQxfQ.28vCgoDXzewBNm6P88i_2aTlhc4Vs65r9A5smOQ01Xw,6751da4c58658f71a9f1ee57
673724f150946a1adb022776,eyJhbGciOiJIUzI1NiIsInR5cCI6IkpXVCJ9.eyJpZCI6IjY3MzcyNGYxNTA5NDZhMWFkYjAyMjc3NiIsInJvbGUiOiJ1c2VyIiwiZW1haWwiOiJ0ZXN0MjhAZGV2LmNvbSIsInVzZXJOYW1lIjoidXNlcjBtYWFjbiIsImlhdCI6MTczMzQxNzU0MSwiZXhwIjoxNzMzNDIxMTQxfQ.OzJ6K7tvDg89RdSYPJLrMw880ZTk9zUi-F8sdf6d5e8,6751da4c58658f71a9f1ee5a
673724f150946a1adb022777,eyJhbGciOiJIUzI1NiIsInR5cCI6IkpXVCJ9.eyJpZCI6IjY3MzcyNGYxNTA5NDZhMWFkYjAyMjc3NyIsInJvbGUiOiJ1c2VyIiwiZW1haWwiOiJ0ZXN0MjlAZGV2LmNvbSIsInVzZXJOYW1lIjoidXNlcjR5end3IiwiaWF0IjoxNzMzNDE3NTQxLCJleHAiOjE3MzM0MjExNDF9.MRXwGkoW2m6OccWK0jozTD0LF69bn35ZPEf3agtAIDQ,6751da4c58658f71a9f1ee5d
673724f150946a1adb022778,eyJhbGciOiJIUzI1NiIsInR5cCI6IkpXVCJ9.eyJpZCI6IjY3MzcyNGYxNTA5NDZhMWFkYjAyMjc3OCIsInJvbGUiOiJ1c2VyIiwiZW1haWwiOiJ0ZXN0MzBAZGV2LmNvbSIsInVzZXJOYW1lIjoidXNlcng1bzlnIiwiaWF0IjoxNzMzNDE3NTQxLCJleHAiOjE3MzM0MjExNDF9.J1IF7MD-mfUf7bDE0o-sPf_eVo_NMEy7qfeiwmbu1JM,6751da4c58658f71a9f1ee60
673724f150946a1adb022779,eyJhbGciOiJIUzI1NiIsInR5cCI6IkpXVCJ9.eyJpZCI6IjY3MzcyNGYxNTA5NDZhMWFkYjAyMjc3OSIsInJvbGUiOiJ1c2VyIiwiZW1haWwiOiJ0ZXN0MzFAZGV2LmNvbSIsInVzZXJOYW1lIjoidXNlcjhkNXVxNyIsImlhdCI6MTczMzQxNzU0MSwiZXhwIjoxNzMzNDIxMTQxfQ.9EhMpCVadOhsBxmxPNTkZigwosvpFBBdHxIPYftNIQc,6751da4c58658f71a9f1ee63
673724f150946a1adb02277a,eyJhbGciOiJIUzI1NiIsInR5cCI6IkpXVCJ9.eyJpZCI6IjY3MzcyNGYxNTA5NDZhMWFkYjAyMjc3YSIsInJvbGUiOiJ1c2VyIiwiZW1haWwiOiJ0ZXN0MzJAZGV2LmNvbSIsInVzZXJOYW1lIjoidXNlcnYyc2d0byIsImlhdCI6MTczMzQxNzU0MSwiZXhwIjoxNzMzNDIxMTQxfQ.51SCG21Puwjzud40je3H28obIoxvvzyq65rGB5BqHNk,6751da4c58658f71a9f1ee66
673724f150946a1adb02277b,eyJhbGciOiJIUzI1NiIsInR5cCI6IkpXVCJ9.eyJpZCI6IjY3MzcyNGYxNTA5NDZhMWFkYjAyMjc3YiIsInJvbGUiOiJ1c2VyIiwiZW1haWwiOiJ0ZXN0MzNAZGV2LmNvbSIsInVzZXJOYW1lIjoidXNlcnVlMmtyZiIsImlhdCI6MTczMzQxNzU0MSwiZXhwIjoxNzMzNDIxMTQxfQ.Ub3BBfTbnXHrgp62h2qKUiPUkOufbv7sexLNJm4-0FQ,6751da4c58658f71a9f1ee69
673724f150946a1adb02277c,eyJhbGciOiJIUzI1NiIsInR5cCI6IkpXVCJ9.eyJpZCI6IjY3MzcyNGYxNTA5NDZhMWFkYjAyMjc3YyIsInJvbGUiOiJ1c2VyIiwiZW1haWwiOiJ0ZXN0MzRAZGV2LmNvbSIsInVzZXJOYW1lIjoidXNlcmR2Zjk1YSIsImlhdCI6MTczMzQxNzU0NiwiZXhwIjoxNzMzNDIxMTQ2fQ.l5IUfAv2x-ec7ux6i-1JAYZuLECH0hJ0NW2QJxSSmTU,6751da4c58658f71a9f1ee6c
673724f150946a1adb02277e,eyJhbGciOiJIUzI1NiIsInR5cCI6IkpXVCJ9.eyJpZCI6IjY3MzcyNGYxNTA5NDZhMWFkYjAyMjc3ZSIsInJvbGUiOiJ1c2VyIiwiZW1haWwiOiJ0ZXN0MzZAZGV2LmNvbSIsInVzZXJOYW1lIjoidXNlcm1xa3F4ZSIsImlhdCI6MTczMzQxNzU0NiwiZXhwIjoxNzMzNDIxMTQ2fQ.L_Kjw4_AdiUlhKPn-NbV1CSUh9CovKc48_gRRCvcVkc,6751da4c58658f71a9f1ee72
673724f150946a1adb02277f,eyJhbGciOiJIUzI1NiIsInR5cCI6IkpXVCJ9.eyJpZCI6IjY3MzcyNGYxNTA5NDZhMWFkYjAyMjc3ZiIsInJvbGUiOiJ1c2VyIiwiZW1haWwiOiJ0ZXN0MzdAZGV2LmNvbSIsInVzZXJOYW1lIjoidXNlcnM0OGV0IiwiaWF0IjoxNzMzNDE3NTQ2LCJleHAiOjE3MzM0MjExNDZ9.PAJEybrUnuPvecTSA6bqxFc2XaxsL5T5peA-PFFuNkQ,6751da4c58658f71a9f1ee75
673724f150946a1adb022780,eyJhbGciOiJIUzI1NiIsInR5cCI6IkpXVCJ9.eyJpZCI6IjY3MzcyNGYxNTA5NDZhMWFkYjAyMjc4MCIsInJvbGUiOiJ1c2VyIiwiZW1haWwiOiJ0ZXN0MzhAZGV2LmNvbSIsInVzZXJOYW1lIjoidXNlcjV5M2s3biIsImlhdCI6MTczMzQxNzU0NiwiZXhwIjoxNzMzNDIxMTQ2fQ.ucNeT3xtGz5Gz6bAsajxo_HYQ3IOs1FX1HYVNtcqKug,6751da4c58658f71a9f1ee78
673724f150946a1adb022781,eyJhbGciOiJIUzI1NiIsInR5cCI6IkpXVCJ9.eyJpZCI6IjY3MzcyNGYxNTA5NDZhMWFkYjAyMjc4MSIsInJvbGUiOiJ1c2VyIiwiZW1haWwiOiJ0ZXN0MzlAZGV2LmNvbSIsInVzZXJOYW1lIjoidXNlcmo4OGlsbSIsImlhdCI6MTczMzQxNzU0NiwiZXhwIjoxNzMzNDIxMTQ2fQ.8sSvO-aLUDhnL3l-STxslB88NUdb8dG9dJtWUBPgt7w,6751da4c58658f71a9f1ee7b
673724f150946a1adb022782,eyJhbGciOiJIUzI1NiIsInR5cCI6IkpXVCJ9.eyJpZCI6IjY3MzcyNGYxNTA5NDZhMWFkYjAyMjc4MiIsInJvbGUiOiJ1c2VyIiwiZW1haWwiOiJ0ZXN0NDBAZGV2LmNvbSIsInVzZXJOYW1lIjoidXNlcmFyMmNuOCIsImlhdCI6MTczMzQxNzU0NiwiZXhwIjoxNzMzNDIxMTQ2fQ.XSt93cq9kNGcJJjHLI_h4ARTBjjlPYDXSUZoQTBn_m8,6751da4c58658f71a9f1ee7e
673724f150946a1adb022783,eyJhbGciOiJIUzI1NiIsInR5cCI6IkpXVCJ9.eyJpZCI6IjY3MzcyNGYxNTA5NDZhMWFkYjAyMjc4MyIsInJvbGUiOiJ1c2VyIiwiZW1haWwiOiJ0ZXN0NDFAZGV2LmNvbSIsInVzZXJOYW1lIjoidXNlcjF1anFnMyIsImlhdCI6MTczMzQxNzU0NiwiZXhwIjoxNzMzNDIxMTQ2fQ.WxOZYesi_-91G3FHRptb5qiYw4GoIsFE9FCI1xjsLhk,6751da4c58658f71a9f1ee81
673724f150946a1adb022784,eyJhbGciOiJIUzI1NiIsInR5cCI6IkpXVCJ9.eyJpZCI6IjY3MzcyNGYxNTA5NDZhMWFkYjAyMjc4NCIsInJvbGUiOiJ1c2VyIiwiZW1haWwiOiJ0ZXN0NDJAZGV2LmNvbSIsInVzZXJOYW1lIjoidXNlcmJsMjdrcCIsImlhdCI6MTczMzQxNzU0NiwiZXhwIjoxNzMzNDIxMTQ2fQ.Ix94hjkp4256OkiFfHYbSVAUTTyeGZu4V3M8fuQDUsc,6751da4c58658f71a9f1ee84
673724f150946a1adb022785,eyJhbGciOiJIUzI1NiIsInR5cCI6IkpXVCJ9.eyJpZCI6IjY3MzcyNGYxNTA5NDZhMWFkYjAyMjc4NSIsInJvbGUiOiJ1c2VyIiwiZW1haWwiOiJ0ZXN0NDNAZGV2LmNvbSIsInVzZXJOYW1lIjoidXNlcmhxd2YzNSIsImlhdCI6MTczMzQxNzU0NiwiZXhwIjoxNzMzNDIxMTQ2fQ.xFl-ndbjfMz95otsXm_RnWmdAYWBT_lUJGoZu24bVJ4,6751da4c58658f71a9f1ee87
673724f150946a1adb022786,eyJhbGciOiJIUzI1NiIsInR5cCI6IkpXVCJ9.eyJpZCI6IjY3MzcyNGYxNTA5NDZhMWFkYjAyMjc4NiIsInJvbGUiOiJ1c2VyIiwiZW1haWwiOiJ0ZXN0NDRAZGV2LmNvbSIsInVzZXJOYW1lIjoidXNlcjR4cTkzZCIsImlhdCI6MTczMzQxNzU0NiwiZXhwIjoxNzMzNDIxMTQ2fQ.PFXjFxn7bP09l8mbeVOPUOfjDbK3rEZ0LYmQkLg0W-8,6751da4c58658f71a9f1ee8a
673724f150946a1adb022787,eyJhbGciOiJIUzI1NiIsInR5cCI6IkpXVCJ9.eyJpZCI6IjY3MzcyNGYxNTA5NDZhMWFkYjAyMjc4NyIsInJvbGUiOiJ1c2VyIiwiZW1haWwiOiJ0ZXN0NDVAZGV2LmNvbSIsInVzZXJOYW1lIjoidXNlcm00bmo0IiwiaWF0IjoxNzMzNDE3NTQ2LCJleHAiOjE3MzM0MjExNDZ9.ts8zc1B6Mu3LM9ZcATGGNrkDtODvkGTcpu6ZnRAXqEg,6751da4c58658f71a9f1ee8d
673724f150946a1adb022788,eyJhbGciOiJIUzI1NiIsInR5cCI6IkpXVCJ9.eyJpZCI6IjY3MzcyNGYxNTA5NDZhMWFkYjAyMjc4OCIsInJvbGUiOiJ1c2VyIiwiZW1haWwiOiJ0ZXN0NDZAZGV2LmNvbSIsInVzZXJOYW1lIjoidXNlcmw2bHJhYyIsImlhdCI6MTczMzQxNzU0NiwiZXhwIjoxNzMzNDIxMTQ2fQ.W2m6MnD8W5uKanvhbkQxovIvza9wb16v6R5y9iyhqdw,6751da4c58658f71a9f1ee90
673724f150946a1adb022789,eyJhbGciOiJIUzI1NiIsInR5cCI6IkpXVCJ9.eyJpZCI6IjY3MzcyNGYxNTA5NDZhMWFkYjAyMjc4OSIsInJvbGUiOiJ1c2VyIiwiZW1haWwiOiJ0ZXN0NDdAZGV2LmNvbSIsInVzZXJOYW1lIjoidXNlcnVzd3B2byIsImlhdCI6MTczMzQxNzU0NiwiZXhwIjoxNzMzNDIxMTQ2fQ.if5n82dUoMq8sNP1Ew1WAZ_E8dbgsuEQn-XKkUI3GgY,6751da4c58658f71a9f1ee93
673724f150946a1adb02278a,eyJhbGciOiJIUzI1NiIsInR5cCI6IkpXVCJ9.eyJpZCI6IjY3MzcyNGYxNTA5NDZhMWFkYjAyMjc4YSIsInJvbGUiOiJ1c2VyIiwiZW1haWwiOiJ0ZXN0NDhAZGV2LmNvbSIsInVzZXJOYW1lIjoidXNlcjk3NGt0biIsImlhdCI6MTczMzQxNzU0NiwiZXhwIjoxNzMzNDIxMTQ2fQ.G7pJEmD04-zXICmczWSmVa9Kji5mPjkZtjSCw1nEGPk,6751da4c58658f71a9f1ee96
673724f150946a1adb02275a,eyJhbGciOiJIUzI1NiIsInR5cCI6IkpXVCJ9.eyJpZCI6IjY3MzcyNGYxNTA5NDZhMWFkYjAyMjc1YSIsInJvbGUiOiJ1c2VyIiwiZW1haWwiOiJ0ZXN0MEBkZXYuY29tIiwidXNlck5hbWUiOiJ1c2VyNGZ0b2dmIiwiaWF0IjoxNzMzNDE3NTQxLCJleHAiOjE3MzM0MjExNDF9.hIitkr8pHatb_YEgg_uc6CIJx-2fEANFBmYxuBKPq6M,6751da4c58658f71a9f1ee9d
673724f150946a1adb02275b,eyJhbGciOiJIUzI1NiIsInR5cCI6IkpXVCJ9.eyJpZCI6IjY3MzcyNGYxNTA5NDZhMWFkYjAyMjc1YiIsInJvbGUiOiJ1c2VyIiwiZW1haWwiOiJ0ZXN0MUBkZXYuY29tIiwidXNlck5hbWUiOiJ1c2VyaWRlMzVlIiwiaWF0IjoxNzMzNDE3NTQxLCJleHAiOjE3MzM0MjExNDF9.9nNT9iQfaG_nXZAegvQVgdfM6gnk391EoL43OZPK_GE,6751da4c58658f71a9f1eea0
673724f150946a1adb02275e,eyJhbGciOiJIUzI1NiIsInR5cCI6IkpXVCJ9.eyJpZCI6IjY3MzcyNGYxNTA5NDZhMWFkYjAyMjc1ZSIsInJvbGUiOiJ1c2VyIiwiZW1haWwiOiJ0ZXN0NEBkZXYuY29tIiwidXNlck5hbWUiOiJ1c2VyMG4yMm1wIiwiaWF0IjoxNzMzNDE3NTQ4LCJleHAiOjE3MzM0MjExNDh9.kVHiVRj72J4w57HVfuNJfxmeGpbp54u0upVoNDqbxsI,6751da4c58658f71a9f1eea6
673724f150946a1adb02275f,eyJhbGciOiJIUzI1NiIsInR5cCI6IkpXVCJ9.eyJpZCI6IjY3MzcyNGYxNTA5NDZhMWFkYjAyMjc1ZiIsInJvbGUiOiJ1c2VyIiwiZW1haWwiOiJ0ZXN0NUBkZXYuY29tIiwidXNlck5hbWUiOiJ1c2VyOWVxcjFhIiwiaWF0IjoxNzMzNDE3NTQ4LCJleHAiOjE3MzM0MjExNDh9.HQulEMH2dc8hGb6aroCfFJeEwJXMqWiK4KG5EnWVXr0,6751da4c58658f71a9f1eea9
673724f150946a1adb022760,eyJhbGciOiJIUzI1NiIsInR5cCI6IkpXVCJ9.eyJpZCI6IjY3MzcyNGYxNTA5NDZhMWFkYjAyMjc2MCIsInJvbGUiOiJ1c2VyIiwiZW1haWwiOiJ0ZXN0NkBkZXYuY29tIiwidXNlck5hbWUiOiJ1c2VyM3Z6bWUzIiwiaWF0IjoxNzMzNDE3NTQxLCJleHAiOjE3MzM0MjExNDF9.jL3U-Q4Iuf-H8v6M9mOURe4wylWVcZHRXDJJbCBx-68,6751da4c58658f71a9f1eeac
673724f150946a1adb022761,eyJhbGciOiJIUzI1NiIsInR5cCI6IkpXVCJ9.eyJpZCI6IjY3MzcyNGYxNTA5NDZhMWFkYjAyMjc2MSIsInJvbGUiOiJ1c2VyIiwiZW1haWwiOiJ0ZXN0N0BkZXYuY29tIiwidXNlck5hbWUiOiJ1c2VyMmszM251IiwiaWF0IjoxNzMzNDE3NTQxLCJleHAiOjE3MzM0MjExNDF9.MwBPVdA4GFySET8C7i7Kvg1mu8BBa2_hxUTCTq275Z8,6751da4c58658f71a9f1eeaf
673724f150946a1adb022762,eyJhbGciOiJIUzI1NiIsInR5cCI6IkpXVCJ9.eyJpZCI6IjY3MzcyNGYxNTA5NDZhMWFkYjAyMjc2MiIsInJvbGUiOiJ1c2VyIiwiZW1haWwiOiJ0ZXN0OEBkZXYuY29tIiwidXNlck5hbWUiOiJ1c2VyNHFud251IiwiaWF0IjoxNzMzNDE3NTQxLCJleHAiOjE3MzM0MjExNDF9.uCGYLcZecIiRQvhygpQ8b3hup_2Is5XST21PL6UxP-g,6751da4c58658f71a9f1eeb2
673724f150946a1adb022763,eyJhbGciOiJIUzI1NiIsInR5cCI6IkpXVCJ9.eyJpZCI6IjY3MzcyNGYxNTA5NDZhMWFkYjAyMjc2MyIsInJvbGUiOiJ1c2VyIiwiZW1haWwiOiJ0ZXN0OUBkZXYuY29tIiwidXNlck5hbWUiOiJ1c2VycDR6eW95IiwiaWF0IjoxNzMzNDE3NTQxLCJleHAiOjE3MzM0MjExNDF9.E4cM474UFUJDXQzZRObgf08FxmpDtR3NHB_ZVs0P0AM,6751da4c58658f71a9f1eeb5
673724f150946a1adb022764,eyJhbGciOiJIUzI1NiIsInR5cCI6IkpXVCJ9.eyJpZCI6IjY3MzcyNGYxNTA5NDZhMWFkYjAyMjc2NCIsInJvbGUiOiJ1c2VyIiwiZW1haWwiOiJ0ZXN0MTBAZGV2LmNvbSIsInVzZXJOYW1lIjoidXNlcnZkcWJjaDMiLCJpYXQiOjE3MzM0MTc1NDEsImV4cCI6MTczMzQyMTE0MX0.C__mMDVrHN9urbnj_ZhlmKUonRQ1KJ9p_Vv50usSid0,6751da4c58658f71a9f1eeb8
673724f150946a1adb022765,eyJhbGciOiJIUzI1NiIsInR5cCI6IkpXVCJ9.eyJpZCI6IjY3MzcyNGYxNTA5NDZhMWFkYjAyMjc2NSIsInJvbGUiOiJ1c2VyIiwiZW1haWwiOiJ0ZXN0MTFAZGV2LmNvbSIsInVzZXJOYW1lIjoidXNlcm05cnA1IiwiaWF0IjoxNzMzNDE3NTQxLCJleHAiOjE3MzM0MjExNDF9.p0ofUKQdUV8L60LknX_iGB7FaksmeuuzrIWbW1UWySw,6751da4c58658f71a9f1eebb
673724f150946a1adb022766,eyJhbGciOiJIUzI1NiIsInR5cCI6IkpXVCJ9.eyJpZCI6IjY3MzcyNGYxNTA5NDZhMWFkYjAyMjc2NiIsInJvbGUiOiJ1c2VyIiwiZW1haWwiOiJ0ZXN0MTJAZGV2LmNvbSIsInVzZXJOYW1lIjoidXNlcjkwMmtvcSIsImlhdCI6MTczMzQxNzU0MSwiZXhwIjoxNzMzNDIxMTQxfQ.2ikoXVZBo_nhPVu_eNvgazWhpWqDc9c2ljoieVxDyWY,6751da4c58658f71a9f1eebe
673724f150946a1adb02277d,eyJhbGciOiJIUzI1NiIsInR5cCI6IkpXVCJ9.eyJpZCI6IjY3MzcyNGYxNTA5NDZhMWFkYjAyMjc3ZCIsInJvbGUiOiJ1c2VyIiwiZW1haWwiOiJ0ZXN0MzVAZGV2LmNvbSIsInVzZXJOYW1lIjoidXNlcnJ5eTVrbSIsImlhdCI6MTczMzQxNzU0NiwiZXhwIjoxNzMzNDIxMTQ2fQ.-UADEmnTb3rE4rqz7U7-pv2sCYFxg_RQUAzGBNgLA7U,6751da4c58658f71a9f1ee6f
673724f150946a1adb022767,eyJhbGciOiJIUzI1NiIsInR5cCI6IkpXVCJ9.eyJpZCI6IjY3MzcyNGYxNTA5NDZhMWFkYjAyMjc2NyIsInJvbGUiOiJ1c2VyIiwiZW1haWwiOiJ0ZXN0MTNAZGV2LmNvbSIsInVzZXJOYW1lIjoidXNlcjEyNnF4diIsImlhdCI6MTczMzQxNzU0MSwiZXhwIjoxNzMzNDIxMTQxfQ.24iZHg0OtTKk4Rg-icjyTXn499bqFH3kXufHl9SNFow,6751da4c58658f71a9f1eee1
673724f150946a1adb022768,eyJhbGciOiJIUzI1NiIsInR5cCI6IkpXVCJ9.eyJpZCI6IjY3MzcyNGYxNTA5NDZhMWFkYjAyMjc2OCIsInJvbGUiOiJ1c2VyIiwiZW1haWwiOiJ0ZXN0MTRAZGV2LmNvbSIsInVzZXJOYW1lIjoidXNlcml2NnBmIiwiaWF0IjoxNzMzNDE3NTQxLCJleHAiOjE3MzM0MjExNDF9.fRnnHe7bzT1wy8FS-XZJwBZ5GbU_INTgHh6nMPm3tf8,6751da4c58658f71a9f1eee4
673724f150946a1adb022769,eyJhbGciOiJIUzI1NiIsInR5cCI6IkpXVCJ9.eyJpZCI6IjY3MzcyNGYxNTA5NDZhMWFkYjAyMjc2OSIsInJvbGUiOiJ1c2VyIiwiZW1haWwiOiJ0ZXN0MTVAZGV2LmNvbSIsInVzZXJOYW1lIjoidXNlcnF3N3JkaCIsImlhdCI6MTczMzQxNzU0MSwiZXhwIjoxNzMzNDIxMTQxfQ.XOXgZ8eKBGCv7T2TjMVUXS666nBGbaqJ3Wf0BbiMKTU,6751da4c58658f71a9f1eee8
673724f150946a1adb02275c,eyJhbGciOiJIUzI1NiIsInR5cCI6IkpXVCJ9.eyJpZCI6IjY3MzcyNGYxNTA5NDZhMWFkYjAyMjc1YyIsInJvbGUiOiJ1c2VyIiwiZW1haWwiOiJ0ZXN0MkBkZXYuY29tIiwidXNlck5hbWUiOiJ1c2VyenNycnZ0IiwiaWF0IjoxNzMzNDE3NTQxLCJleHAiOjE3MzM0MjExNDF9.84Ua8FxvmctaKVumdpsh_a618qpdJu-oNF6VGakzuug,6751da4c58658f71a9f1eefd
673724f150946a1adb02278b,eyJhbGciOiJIUzI1NiIsInR5cCI6IkpXVCJ9.eyJpZCI6IjY3MzcyNGYxNTA5NDZhMWFkYjAyMjc4YiIsInJvbGUiOiJ1c2VyIiwiZW1haWwiOiJ0ZXN0NDlAZGV2LmNvbSIsInVzZXJOYW1lIjoidXNlcjFweDVociIsImlhdCI6MTczMzQxNzU0NiwiZXhwIjoxNzMzNDIxMTQ2fQ.rOlYfgGIixzD7YXYQSKrr2sLig92Zr0ogOo4sE_IzCY,6751da4c58658f71a9f1ef40
673724f150946a1adb02278c,eyJhbGciOiJIUzI1NiIsInR5cCI6IkpXVCJ9.eyJpZCI6IjY3MzcyNGYxNTA5NDZhMWFkYjAyMjc4YyIsInJvbGUiOiJ1c2VyIiwiZW1haWwiOiJ0ZXN0NTBAZGV2LmNvbSIsInVzZXJOYW1lIjoidXNlcmZtbjZlZyIsImlhdCI6MTczMzQxNzU0NiwiZXhwIjoxNzMzNDIxMTQ2fQ.q7r8qdTlNewCcPsyorE04oLwsjEa7U3CtlxaNi3Pe-Q,6751da4c58658f71a9f1ef43
673724f150946a1adb02278d,eyJhbGciOiJIUzI1NiIsInR5cCI6IkpXVCJ9.eyJpZCI6IjY3MzcyNGYxNTA5NDZhMWFkYjAyMjc4ZCIsInJvbGUiOiJ1c2VyIiwiZW1haWwiOiJ0ZXN0NTFAZGV2LmNvbSIsInVzZXJOYW1lIjoidXNlcnJpa2h5cCIsImlhdCI6MTczMzQxNzU0NiwiZXhwIjoxNzMzNDIxMTQ2fQ.Nm4Ym195j2hPf5sHP8JjouVYCkhe68AFRErJDCKdpq4,6751da4c58658f71a9f1ef46
673724f150946a1adb02278e,eyJhbGciOiJIUzI1NiIsInR5cCI6IkpXVCJ9.eyJpZCI6IjY3MzcyNGYxNTA5NDZhMWFkYjAyMjc4ZSIsInJvbGUiOiJ1c2VyIiwiZW1haWwiOiJ0ZXN0NTJAZGV2LmNvbSIsInVzZXJOYW1lIjoidXNlcmU4cDhwcSIsImlhdCI6MTczMzQxNzU0NiwiZXhwIjoxNzMzNDIxMTQ2fQ.EvqVWKWIxk1Tb7QCYj4X0Pm8FcDNg6bFWq3T9IGH34A,6751da4c58658f71a9f1ef49
673724f150946a1adb02278f,eyJhbGciOiJIUzI1NiIsInR5cCI6IkpXVCJ9.eyJpZCI6IjY3MzcyNGYxNTA5NDZhMWFkYjAyMjc4ZiIsInJvbGUiOiJ1c2VyIiwiZW1haWwiOiJ0ZXN0NTNAZGV2LmNvbSIsInVzZXJOYW1lIjoidXNlcnJqZjlpIiwiaWF0IjoxNzMzNDE3NTQ2LCJleHAiOjE3MzM0MjExNDZ9.XdK1lC-4e5zCJRgz7n7nlCD6AQjYVhV1K5KshSvpCw8,6751da4c58658f71a9f1ef4c
673724f150946a1adb022790,eyJhbGciOiJIUzI1NiIsInR5cCI6IkpXVCJ9.eyJpZCI6IjY3MzcyNGYxNTA5NDZhMWFkYjAyMjc5MCIsInJvbGUiOiJ1c2VyIiwiZW1haWwiOiJ0ZXN0NTRAZGV2LmNvbSIsInVzZXJOYW1lIjoidXNlcmd0djFsIiwiaWF0IjoxNzMzNDE3NTQ2LCJleHAiOjE3MzM0MjExNDZ9.oiADKOTdqU_Z0_2FgLfdpj2ijuuVFfRDr1mlkSuLb0Y,6751da4c58658f71a9f1ef50
673724f150946a1adb022791,eyJhbGciOiJIUzI1NiIsInR5cCI6IkpXVCJ9.eyJpZCI6IjY3MzcyNGYxNTA5NDZhMWFkYjAyMjc5MSIsInJvbGUiOiJ1c2VyIiwiZW1haWwiOiJ0ZXN0NTVAZGV2LmNvbSIsInVzZXJOYW1lIjoidXNlcmxramRwIiwiaWF0IjoxNzMzNDE3NTQ2LCJleHAiOjE3MzM0MjExNDZ9.vkphsJt72PQPzSipcnUkhqvJp6D9kz7La0pJWFuGPnY,6751da4c58658f71a9f1ef52
673724f150946a1adb022792,eyJhbGciOiJIUzI1NiIsInR5cCI6IkpXVCJ9.eyJpZCI6IjY3MzcyNGYxNTA5NDZhMWFkYjAyMjc5MiIsInJvbGUiOiJ1c2VyIiwiZW1haWwiOiJ0ZXN0NTZAZGV2LmNvbSIsInVzZXJOYW1lIjoidXNlcjYxNzV4YSIsImlhdCI6MTczMzQxNzU0NiwiZXhwIjoxNzMzNDIxMTQ2fQ.Hj-dTylNaWtzc1PoKn8eG7zSRQ9JzdmOVcoMPisXB3c,6751da4c58658f71a9f1ef55
673724f150946a1adb022793,eyJhbGciOiJIUzI1NiIsInR5cCI6IkpXVCJ9.eyJpZCI6IjY3MzcyNGYxNTA5NDZhMWFkYjAyMjc5MyIsInJvbGUiOiJ1c2VyIiwiZW1haWwiOiJ0ZXN0NTdAZGV2LmNvbSIsInVzZXJOYW1lIjoidXNlcmdyODYxayIsImlhdCI6MTczMzQxNzU0NiwiZXhwIjoxNzMzNDIxMTQ2fQ.SFIEZNVizPtYStF9UtAuUaUQOmX35ZxFMOsah9eL71o,6751da4c58658f71a9f1ef58
673724f150946a1adb022794,eyJhbGciOiJIUzI1NiIsInR5cCI6IkpXVCJ9.eyJpZCI6IjY3MzcyNGYxNTA5NDZhMWFkYjAyMjc5NCIsInJvbGUiOiJ1c2VyIiwiZW1haWwiOiJ0ZXN0NThAZGV2LmNvbSIsInVzZXJOYW1lIjoidXNlcnd6ZnpmaSIsImlhdCI6MTczMzQxNzU0NiwiZXhwIjoxNzMzNDIxMTQ2fQ.50JwrTc3dG5pdzn0NhPDfc2hO8ykPxQo_D6kx1QHcPA,6751da4c58658f71a9f1ef5b
673724f150946a1adb022795,eyJhbGciOiJIUzI1NiIsInR5cCI6IkpXVCJ9.eyJpZCI6IjY3MzcyNGYxNTA5NDZhMWFkYjAyMjc5NSIsInJvbGUiOiJ1c2VyIiwiZW1haWwiOiJ0ZXN0NTlAZGV2LmNvbSIsInVzZXJOYW1lIjoidXNlcm1pMG5scyIsImlhdCI6MTczMzQxNzU0NiwiZXhwIjoxNzMzNDIxMTQ2fQ.BKwZZg6Aa8rnlOV41NjfchnMopHKUjCiI3RW9d2BkUw,6751da4c58658f71a9f1ef5e
673724f150946a1adb022796,eyJhbGciOiJIUzI1NiIsInR5cCI6IkpXVCJ9.eyJpZCI6IjY3MzcyNGYxNTA5NDZhMWFkYjAyMjc5NiIsInJvbGUiOiJ1c2VyIiwiZW1haWwiOiJ0ZXN0NjBAZGV2LmNvbSIsInVzZXJOYW1lIjoidXNlcm44dHVkOCIsImlhdCI6MTczMzQxNzU0NiwiZXhwIjoxNzMzNDIxMTQ2fQ.BL5B3AjF1gE61MUo9WYCzWB7xoAPnvmiFuC_f8O_oM4,6751da4c58658f71a9f1ef61
673724f150946a1adb022797,eyJhbGciOiJIUzI1NiIsInR5cCI6IkpXVCJ9.eyJpZCI6IjY3MzcyNGYxNTA5NDZhMWFkYjAyMjc5NyIsInJvbGUiOiJ1c2VyIiwiZW1haWwiOiJ0ZXN0NjFAZGV2LmNvbSIsInVzZXJOYW1lIjoidXNlcndwd2o4bCIsImlhdCI6MTczMzQxNzU0NiwiZXhwIjoxNzMzNDIxMTQ2fQ.uFS9YZXubpO3kDW-HVtZeu4tN_YrYk2UaGl-VGSEkPQ,6751da4c58658f71a9f1ef64
673724f150946a1adb022798,eyJhbGciOiJIUzI1NiIsInR5cCI6IkpXVCJ9.eyJpZCI6IjY3MzcyNGYxNTA5NDZhMWFkYjAyMjc5OCIsInJvbGUiOiJ1c2VyIiwiZW1haWwiOiJ0ZXN0NjJAZGV2LmNvbSIsInVzZXJOYW1lIjoidXNlcjQwYnAwYSIsImlhdCI6MTczMzQxNzU0NiwiZXhwIjoxNzMzNDIxMTQ2fQ.VZETmAyYySH23jtQFpMJz_Ym-4K6tHMYxGOugztpw2c,6751da4c58658f71a9f1ef67
673724f150946a1adb022799,eyJhbGciOiJIUzI1NiIsInR5cCI6IkpXVCJ9.eyJpZCI6IjY3MzcyNGYxNTA5NDZhMWFkYjAyMjc5OSIsInJvbGUiOiJ1c2VyIiwiZW1haWwiOiJ0ZXN0NjNAZGV2LmNvbSIsInVzZXJOYW1lIjoidXNlcnRvcHE0OSIsImlhdCI6MTczMzQxNzU0NiwiZXhwIjoxNzMzNDIxMTQ2fQ.qvX-bGL3Ovzrpm4FINi05_g0GOZiwX4DV_agQcFFhIs,6751da4c58658f71a9f1ef6a
673724f150946a1adb02279a,eyJhbGciOiJIUzI1NiIsInR5cCI6IkpXVCJ9.eyJpZCI6IjY3MzcyNGYxNTA5NDZhMWFkYjAyMjc5YSIsInJvbGUiOiJ1c2VyIiwiZW1haWwiOiJ0ZXN0NjRAZGV2LmNvbSIsInVzZXJOYW1lIjoidXNlcmtteXJ6aCIsImlhdCI6MTczMzQxNzU0NiwiZXhwIjoxNzMzNDIxMTQ2fQ.mBZtq_-VYCRMXgposmmo2Z4qtj4U6nqZgwOWEXbOI4M,6751da4c58658f71a9f1ef6d
673724f150946a1adb02276d,eyJhbGciOiJIUzI1NiIsInR5cCI6IkpXVCJ9.eyJpZCI6IjY3MzcyNGYxNTA5NDZhMWFkYjAyMjc2ZCIsInJvbGUiOiJ1c2VyIiwiZW1haWwiOiJ0ZXN0MTlAZGV2LmNvbSIsInVzZXJOYW1lIjoidXNlcjkyNzk4OSIsImlhdCI6MTczMzQxNzU0MSwiZXhwIjoxNzMzNDIxMTQxfQ.iVX4fEG1UHfR0F9TLFdrYxDPbnnRfiOoffKei5Gy2E4,6751da4c58658f71a9f1ef82
673724f150946a1adb02279b,eyJhbGciOiJIUzI1NiIsInR5cCI6IkpXVCJ9.eyJpZCI6IjY3MzcyNGYxNTA5NDZhMWFkYjAyMjc5YiIsInJvbGUiOiJ1c2VyIiwiZW1haWwiOiJ0ZXN0NjVAZGV2LmNvbSIsInVzZXJOYW1lIjoidXNlcnJzYm5hdSIsImlhdCI6MTczMzQxNzU0NiwiZXhwIjoxNzMzNDIxMTQ2fQ.pAJJunKuCHD-x1m8yKcpTOwwWSYOv0V0Nzwy6u9yD4U,6751da4c58658f71a9f1efe1
673724f150946a1adb02279c,eyJhbGciOiJIUzI1NiIsInR5cCI6IkpXVCJ9.eyJpZCI6IjY3MzcyNGYxNTA5NDZhMWFkYjAyMjc5YyIsInJvbGUiOiJ1c2VyIiwiZW1haWwiOiJ0ZXN0NjZAZGV2LmNvbSIsInVzZXJOYW1lIjoidXNlcmc3NG43IiwiaWF0IjoxNzMzNDE3NTQ2LCJleHAiOjE3MzM0MjExNDZ9.lVVBHy32FHEbkrdA5b-G7UWqNXQDxtvpbSHihrJYDz8,6751da4c58658f71a9f1efe5
673724f150946a1adb02279d,eyJhbGciOiJIUzI1NiIsInR5cCI6IkpXVCJ9.eyJpZCI6IjY3MzcyNGYxNTA5NDZhMWFkYjAyMjc5ZCIsInJvbGUiOiJ1c2VyIiwiZW1haWwiOiJ0ZXN0NjdAZGV2LmNvbSIsInVzZXJOYW1lIjoidXNlcm15dm0zYSIsImlhdCI6MTczMzQxNzU0NiwiZXhwIjoxNzMzNDIxMTQ2fQ.emi3LoPPGVK6tO7uzW8_g3iE4QduoQEvgNwZEOTD254,6751da4c58658f71a9f1efe8
673724f150946a1adb02279e,eyJhbGciOiJIUzI1NiIsInR5cCI6IkpXVCJ9.eyJpZCI6IjY3MzcyNGYxNTA5NDZhMWFkYjAyMjc5ZSIsInJvbGUiOiJ1c2VyIiwiZW1haWwiOiJ0ZXN0NjhAZGV2LmNvbSIsInVzZXJOYW1lIjoidXNlcnpvdXMwcSIsImlhdCI6MTczMzQxNzU0NiwiZXhwIjoxNzMzNDIxMTQ2fQ.rxGS0LO33Lg-SOBRkgxsz3U-MSGDXJ9tLsmm9uF2LH8,6751da4c58658f71a9f1efeb
673724f150946a1adb02279f,eyJhbGciOiJIUzI1NiIsInR5cCI6IkpXVCJ9.eyJpZCI6IjY3MzcyNGYxNTA5NDZhMWFkYjAyMjc5ZiIsInJvbGUiOiJ1c2VyIiwiZW1haWwiOiJ0ZXN0NjlAZGV2LmNvbSIsInVzZXJOYW1lIjoidXNlcmRiOWdnbSIsImlhdCI6MTczMzQxNzU0NiwiZXhwIjoxNzMzNDIxMTQ2fQ.KnhuUBMDoSYbXiZMtz_pWRc4pzQM-cqtEiJKSpZ_hEI,6751da4c58658f71a9f1efee
673724f150946a1adb0227a0,eyJhbGciOiJIUzI1NiIsInR5cCI6IkpXVCJ9.eyJpZCI6IjY3MzcyNGYxNTA5NDZhMWFkYjAyMjdhMCIsInJvbGUiOiJ1c2VyIiwiZW1haWwiOiJ0ZXN0NzBAZGV2LmNvbSIsInVzZXJOYW1lIjoidXNlcnZ0Nm4xbCIsImlhdCI6MTczMzQxNzU0NywiZXhwIjoxNzMzNDIxMTQ3fQ.5cUKCr7NjoEd1Om67LhST_dZ1jmBjPxfhbysXGyE4QI,6751da4c58658f71a9f1eff1
673724f150946a1adb0227a1,eyJhbGciOiJIUzI1NiIsInR5cCI6IkpXVCJ9.eyJpZCI6IjY3MzcyNGYxNTA5NDZhMWFkYjAyMjdhMSIsInJvbGUiOiJ1c2VyIiwiZW1haWwiOiJ0ZXN0NzFAZGV2LmNvbSIsInVzZXJOYW1lIjoidXNlcnU3M21hIiwiaWF0IjoxNzMzNDE3NTQ3LCJleHAiOjE3MzM0MjExNDd9.XWDvS09NYgYXqgjaYIO2p1Ioxxm61yz_GJnOSGScN9I,6751da4c58658f71a9f1eff4
673724f150946a1adb0227a2,eyJhbGciOiJIUzI1NiIsInR5cCI6IkpXVCJ9.eyJpZCI6IjY3MzcyNGYxNTA5NDZhMWFkYjAyMjdhMiIsInJvbGUiOiJ1c2VyIiwiZW1haWwiOiJ0ZXN0NzJAZGV2LmNvbSIsInVzZXJOYW1lIjoidXNlcmN4MTQzaCIsImlhdCI6MTczMzQxNzU0NywiZXhwIjoxNzMzNDIxMTQ3fQ.viSoC3VNrIKrdbP2WUwhpMtpbfZ7hZhJE2R_zYY4NSs,6751da4c58658f71a9f1eff7
673724f150946a1adb0227a3,eyJhbGciOiJIUzI1NiIsInR5cCI6IkpXVCJ9.eyJpZCI6IjY3MzcyNGYxNTA5NDZhMWFkYjAyMjdhMyIsInJvbGUiOiJ1c2VyIiwiZW1haWwiOiJ0ZXN0NzNAZGV2LmNvbSIsInVzZXJOYW1lIjoidXNlcjZxa2puIiwiaWF0IjoxNzMzNDE3NTQ3LCJleHAiOjE3MzM0MjExNDd9.khQDFWt2EbrIGL-mzXZUShVqI1B4agzXwt4P37xvkTU,6751da4c58658f71a9f1effa
673724f150946a1adb0227a4,eyJhbGciOiJIUzI1NiIsInR5cCI6IkpXVCJ9.eyJpZCI6IjY3MzcyNGYxNTA5NDZhMWFkYjAyMjdhNCIsInJvbGUiOiJ1c2VyIiwiZW1haWwiOiJ0ZXN0NzRAZGV2LmNvbSIsInVzZXJOYW1lIjoidXNlcjBnZjdiZDYiLCJpYXQiOjE3MzM0MTc1NDcsImV4cCI6MTczMzQyMTE0N30.HlHs4w7gBcxJ00AB_QEZ4uQui9WoNVI3tLRJoC0QUTI,6751da4c58658f71a9f1effd
673724f150946a1adb0227a5,eyJhbGciOiJIUzI1NiIsInR5cCI6IkpXVCJ9.eyJpZCI6IjY3MzcyNGYxNTA5NDZhMWFkYjAyMjdhNSIsInJvbGUiOiJ1c2VyIiwiZW1haWwiOiJ0ZXN0NzVAZGV2LmNvbSIsInVzZXJOYW1lIjoidXNlcmtuMHZwIiwiaWF0IjoxNzMzNDE3NTQ3LCJleHAiOjE3MzM0MjExNDd9.CqKmBB2Mou6fdRyPOVZ12c58UOl3C2S3Ro1u-vU7HJ4,6751da4c58658f71a9f1f000
673724f150946a1adb0227a7,eyJhbGciOiJIUzI1NiIsInR5cCI6IkpXVCJ9.eyJpZCI6IjY3MzcyNGYxNTA5NDZhMWFkYjAyMjdhNyIsInJvbGUiOiJ1c2VyIiwiZW1haWwiOiJ0ZXN0NzdAZGV2LmNvbSIsInVzZXJOYW1lIjoidXNlcjE3cGZzOCIsImlhdCI6MTczMzQxNzU0NywiZXhwIjoxNzMzNDIxMTQ3fQ.17LH4LCLE5nrWpw16LSeapiGUhozmMOo-dugtQaVt-o,6751da4c58658f71a9f1f006
673724f150946a1adb0227a8,eyJhbGciOiJIUzI1NiIsInR5cCI6IkpXVCJ9.eyJpZCI6IjY3MzcyNGYxNTA5NDZhMWFkYjAyMjdhOCIsInJvbGUiOiJ1c2VyIiwiZW1haWwiOiJ0ZXN0NzhAZGV2LmNvbSIsInVzZXJOYW1lIjoidXNlcmlkd2hlIiwiaWF0IjoxNzMzNDE3NTQ3LCJleHAiOjE3MzM0MjExNDd9.mEppp2-xoGZegR-3nmGWpXA1OM8Yfai-zva5-hPBgDM,6751da4c58658f71a9f1f009
673724f150946a1adb0227a9,eyJhbGciOiJIUzI1NiIsInR5cCI6IkpXVCJ9.eyJpZCI6IjY3MzcyNGYxNTA5NDZhMWFkYjAyMjdhOSIsInJvbGUiOiJ1c2VyIiwiZW1haWwiOiJ0ZXN0NzlAZGV2LmNvbSIsInVzZXJOYW1lIjoidXNlcjVhcHBjIiwiaWF0IjoxNzMzNDE3NTQ3LCJleHAiOjE3MzM0MjExNDd9.NKktPgMhtgu_EfEU8SSQx_3tMnv1xVy03qCE9HltFaQ,6751da4c58658f71a9f1f00d
673724f150946a1adb0227aa,eyJhbGciOiJIUzI1NiIsInR5cCI6IkpXVCJ9.eyJpZCI6IjY3MzcyNGYxNTA5NDZhMWFkYjAyMjdhYSIsInJvbGUiOiJ1c2VyIiwiZW1haWwiOiJ0ZXN0ODBAZGV2LmNvbSIsInVzZXJOYW1lIjoidXNlcmlyZDlmIiwiaWF0IjoxNzMzNDE3NTQ3LCJleHAiOjE3MzM0MjExNDd9.Hwru22PaGD5PYs00VxdMOoj2wOxFx0rjf60jM5k1OnM,6751da4c58658f71a9f1f010
673724f150946a1adb0227ab,eyJhbGciOiJIUzI1NiIsInR5cCI6IkpXVCJ9.eyJpZCI6IjY3MzcyNGYxNTA5NDZhMWFkYjAyMjdhYiIsInJvbGUiOiJ1c2VyIiwiZW1haWwiOiJ0ZXN0ODFAZGV2LmNvbSIsInVzZXJOYW1lIjoidXNlcjBmNjB1IiwiaWF0IjoxNzMzNDE3NTQ3LCJleHAiOjE3MzM0MjExNDd9.3Gyn7WjojwJlx440rBmLbJcz2DRB4bEo4BkV0JktfY0,6751da4c58658f71a9f1f057
673724f150946a1adb0227ac,eyJhbGciOiJIUzI1NiIsInR5cCI6IkpXVCJ9.eyJpZCI6IjY3MzcyNGYxNTA5NDZhMWFkYjAyMjdhYyIsInJvbGUiOiJ1c2VyIiwiZW1haWwiOiJ0ZXN0ODJAZGV2LmNvbSIsInVzZXJOYW1lIjoidXNlcjkwOHd1NSIsImlhdCI6MTczMzQxNzU0NywiZXhwIjoxNzMzNDIxMTQ3fQ.xryezDKARby5DJoSiyKxBVbOLpMXTs1wdDEb3yJ_nJQ,6751da4c58658f71a9f1f05a
673724f150946a1adb0227ad,eyJhbGciOiJIUzI1NiIsInR5cCI6IkpXVCJ9.eyJpZCI6IjY3MzcyNGYxNTA5NDZhMWFkYjAyMjdhZCIsInJvbGUiOiJ1c2VyIiwiZW1haWwiOiJ0ZXN0ODNAZGV2LmNvbSIsInVzZXJOYW1lIjoidXNlcmp5MnB1aiIsImlhdCI6MTczMzQxNzU0NywiZXhwIjoxNzMzNDIxMTQ3fQ.TTeJPu3F25ke76P1sUFUU_1GZ8MDIh30vnK85x8oVTE,6751da4c58658f71a9f1f05d
673724f150946a1adb0227ae,eyJhbGciOiJIUzI1NiIsInR5cCI6IkpXVCJ9.eyJpZCI6IjY3MzcyNGYxNTA5NDZhMWFkYjAyMjdhZSIsInJvbGUiOiJ1c2VyIiwiZW1haWwiOiJ0ZXN0ODRAZGV2LmNvbSIsInVzZXJOYW1lIjoidXNlcmJycnRiZSIsImlhdCI6MTczMzQxNzU0NywiZXhwIjoxNzMzNDIxMTQ3fQ.X2zNN7a6rfYJTdy1tJEEFxqAZdMBelvF8i2Icnlrv3I,6751da4c58658f71a9f1f060
673724f150946a1adb0227af,eyJhbGciOiJIUzI1NiIsInR5cCI6IkpXVCJ9.eyJpZCI6IjY3MzcyNGYxNTA5NDZhMWFkYjAyMjdhZiIsInJvbGUiOiJ1c2VyIiwiZW1haWwiOiJ0ZXN0ODVAZGV2LmNvbSIsInVzZXJOYW1lIjoidXNlcjdlemsyYiIsImlhdCI6MTczMzQxNzU0NywiZXhwIjoxNzMzNDIxMTQ3fQ.HYk8QTgCvHzNs6gNAig_GZv156XeafVN_PBtCjvzSCE,6751da4c58658f71a9f1f063
673724f150946a1adb0227b0,eyJhbGciOiJIUzI1NiIsInR5cCI6IkpXVCJ9.eyJpZCI6IjY3MzcyNGYxNTA5NDZhMWFkYjAyMjdiMCIsInJvbGUiOiJ1c2VyIiwiZW1haWwiOiJ0ZXN0ODZAZGV2LmNvbSIsInVzZXJOYW1lIjoidXNlcjU5djA5diIsImlhdCI6MTczMzQxNzU0NywiZXhwIjoxNzMzNDIxMTQ3fQ.ZF_U6b4aIsu65BRBOByoBaV9W_pJ0q8XaKiH-1ZW3wQ,6751da4c58658f71a9f1f066
673724f150946a1adb0227b1,eyJhbGciOiJIUzI1NiIsInR5cCI6IkpXVCJ9.eyJpZCI6IjY3MzcyNGYxNTA5NDZhMWFkYjAyMjdiMSIsInJvbGUiOiJ1c2VyIiwiZW1haWwiOiJ0ZXN0ODdAZGV2LmNvbSIsInVzZXJOYW1lIjoidXNlcnUwemxuIiwiaWF0IjoxNzMzNDE3NTQ3LCJleHAiOjE3MzM0MjExNDd9.eKWyQcWLgXS4wchYFp6awdiAbesOD77jrE1F7WGRxLU,6751da4c58658f71a9f1f069
673724f150946a1adb0227b2,eyJhbGciOiJIUzI1NiIsInR5cCI6IkpXVCJ9.eyJpZCI6IjY3MzcyNGYxNTA5NDZhMWFkYjAyMjdiMiIsInJvbGUiOiJ1c2VyIiwiZW1haWwiOiJ0ZXN0ODhAZGV2LmNvbSIsInVzZXJOYW1lIjoidXNlcmFsOTN2dCIsImlhdCI6MTczMzQxNzU0NywiZXhwIjoxNzMzNDIxMTQ3fQ.lMzX6B5WgitpfYU4kvEQ-iS6GB_O1P_4rTDHRIhe-1E,6751da4c58658f71a9f1f06c
673724f150946a1adb0227b4,eyJhbGciOiJIUzI1NiIsInR5cCI6IkpXVCJ9.eyJpZCI6IjY3MzcyNGYxNTA5NDZhMWFkYjAyMjdiNCIsInJvbGUiOiJ1c2VyIiwiZW1haWwiOiJ0ZXN0OTBAZGV2LmNvbSIsInVzZXJOYW1lIjoidXNlcmxkMDQzZSIsImlhdCI6MTczMzQxNzU0NywiZXhwIjoxNzMzNDIxMTQ3fQ.4a5xUo_noNLKXmT1F3D0aFRQ1GNvppuCjVUh67R2BAY,6751da4c58658f71a9f1f072
673724f150946a1adb0227b5,eyJhbGciOiJIUzI1NiIsInR5cCI6IkpXVCJ9.eyJpZCI6IjY3MzcyNGYxNTA5NDZhMWFkYjAyMjdiNSIsInJvbGUiOiJ1c2VyIiwiZW1haWwiOiJ0ZXN0OTFAZGV2LmNvbSIsInVzZXJOYW1lIjoidXNlcjFib3ljIiwiaWF0IjoxNzMzNDE3NTQ3LCJleHAiOjE3MzM0MjExNDd9.bfMVt85JZIvFOqsdyiVurqZCG431g0c-cyH4lvhnLA0,6751da4c58658f71a9f1f075
673724f150946a1adb0227b6,eyJhbGciOiJIUzI1NiIsInR5cCI6IkpXVCJ9.eyJpZCI6IjY3MzcyNGYxNTA5NDZhMWFkYjAyMjdiNiIsInJvbGUiOiJ1c2VyIiwiZW1haWwiOiJ0ZXN0OTJAZGV2LmNvbSIsInVzZXJOYW1lIjoidXNlcnFrcW50bSIsImlhdCI6MTczMzQxNzU0NywiZXhwIjoxNzMzNDIxMTQ3fQ.UUOls19ob5bI04C1gmCcJH8wGO-rfeoWW1wTNmVRxlY,6751da4c58658f71a9f1f078
673724f150946a1adb0227b7,eyJhbGciOiJIUzI1NiIsInR5cCI6IkpXVCJ9.eyJpZCI6IjY3MzcyNGYxNTA5NDZhMWFkYjAyMjdiNyIsInJvbGUiOiJ1c2VyIiwiZW1haWwiOiJ0ZXN0OTNAZGV2LmNvbSIsInVzZXJOYW1lIjoidXNlcm9kM3VtcCIsImlhdCI6MTczMzQxNzU0NywiZXhwIjoxNzMzNDIxMTQ3fQ.Y8DPGVzbPYHJFdI3HeT4vZIAWAUkeIyPVwyyX3YzU3Y,6751da4c58658f71a9f1f07b
673724f150946a1adb0227b8,eyJhbGciOiJIUzI1NiIsInR5cCI6IkpXVCJ9.eyJpZCI6IjY3MzcyNGYxNTA5NDZhMWFkYjAyMjdiOCIsInJvbGUiOiJ1c2VyIiwiZW1haWwiOiJ0ZXN0OTRAZGV2LmNvbSIsInVzZXJOYW1lIjoidXNlcnlhMm56ZSIsImlhdCI6MTczMzQxNzU0NywiZXhwIjoxNzMzNDIxMTQ3fQ.mld7TxfTPxhH5Cx8g2xIvaeRF_ckjD76sAyFq9955NM,6751da4c58658f71a9f1f07e
673724f150946a1adb0227b9,eyJhbGciOiJIUzI1NiIsInR5cCI6IkpXVCJ9.eyJpZCI6IjY3MzcyNGYxNTA5NDZhMWFkYjAyMjdiOSIsInJvbGUiOiJ1c2VyIiwiZW1haWwiOiJ0ZXN0OTVAZGV2LmNvbSIsInVzZXJOYW1lIjoidXNlcmpleXZ5byIsImlhdCI6MTczMzQxNzU0NywiZXhwIjoxNzMzNDIxMTQ3fQ.sbNtwb4d7GwZVcSqEk6tlHqkPBmBbGrxDNA7z2iC5dk,6751da4c58658f71a9f1f081
673724f150946a1adb0227ba,eyJhbGciOiJIUzI1NiIsInR5cCI6IkpXVCJ9.eyJpZCI6IjY3MzcyNGYxNTA5NDZhMWFkYjAyMjdiYSIsInJvbGUiOiJ1c2VyIiwiZW1haWwiOiJ0ZXN0OTZAZGV2LmNvbSIsInVzZXJOYW1lIjoidXNlcm10aXY5OCIsImlhdCI6MTczMzQxNzU0NywiZXhwIjoxNzMzNDIxMTQ3fQ.bjNIBwU7S_iWBotNlVlfD6_LAYH5-LYb8UecWMxDPxs,6751da4c58658f71a9f1f084
673724f150946a1adb0227a6,eyJhbGciOiJIUzI1NiIsInR5cCI6IkpXVCJ9.eyJpZCI6IjY3MzcyNGYxNTA5NDZhMWFkYjAyMjdhNiIsInJvbGUiOiJ1c2VyIiwiZW1haWwiOiJ0ZXN0NzZAZGV2LmNvbSIsInVzZXJOYW1lIjoidXNlcnJnNjNiIiwiaWF0IjoxNzMzNDE3NTQ3LCJleHAiOjE3MzM0MjExNDd9.SGG1OJ57hrkNaz77PnrO2nqFZwCzlGiSBlPWZ4CtnQA,6751da4c58658f71a9f1f003
673724f150946a1adb0227b3,eyJhbGciOiJIUzI1NiIsInR5cCI6IkpXVCJ9.eyJpZCI6IjY3MzcyNGYxNTA5NDZhMWFkYjAyMjdiMyIsInJvbGUiOiJ1c2VyIiwiZW1haWwiOiJ0ZXN0ODlAZGV2LmNvbSIsInVzZXJOYW1lIjoidXNlcmYxczhoZiIsImlhdCI6MTczMzQxNzU0NywiZXhwIjoxNzMzNDIxMTQ3fQ.cJbiXpIOjloE3Bm3yy53tHLJ0uvjwLJlc3pohq1Jtdo,6751da4c58658f71a9f1f06f
673724f150946a1adb0227bb,eyJhbGciOiJIUzI1NiIsInR5cCI6IkpXVCJ9.eyJpZCI6IjY3MzcyNGYxNTA5NDZhMWFkYjAyMjdiYiIsInJvbGUiOiJ1c2VyIiwiZW1haWwiOiJ0ZXN0OTdAZGV2LmNvbSIsInVzZXJOYW1lIjoidXNlcmEzd2ZneSIsImlhdCI6MTczMzQxNzU0NywiZXhwIjoxNzMzNDIxMTQ3fQ.GJuhggBAPyai2nWevi95tt61df16_t1SWdCfpgqt3_8,6751da4d58658f71a9f1f0fe
673724f150946a1adb0227bc,eyJhbGciOiJIUzI1NiIsInR5cCI6IkpXVCJ9.eyJpZCI6IjY3MzcyNGYxNTA5NDZhMWFkYjAyMjdiYyIsInJvbGUiOiJ1c2VyIiwiZW1haWwiOiJ0ZXN0OThAZGV2LmNvbSIsInVzZXJOYW1lIjoidXNlcjNncWZjcyIsImlhdCI6MTczMzQxNzU0NywiZXhwIjoxNzMzNDIxMTQ3fQ.jkc5RIDiuWgoXcJTnMqbpIPavrMe-8yAbem3DZOy_dY,6751da4d58658f71a9f1f101
673724f150946a1adb02275d,eyJhbGciOiJIUzI1NiIsInR5cCI6IkpXVCJ9.eyJpZCI6IjY3MzcyNGYxNTA5NDZhMWFkYjAyMjc1ZCIsInJvbGUiOiJ1c2VyIiwiZW1haWwiOiJ0ZXN0M0BkZXYuY29tIiwidXNlck5hbWUiOiJ1c2Vydno0NHAiLCJpYXQiOjE3MzM0MTc1NDEsImV4cCI6MTczMzQyMTE0MX0.tiAjXuM4ti7JhIPsY8yr1DBYXIgCCoG01lWDekHKV8g,6751da4c58658f71a9f1eea3